text,human,model,pred_a,pred_b,order
"In the first instance, accelerating inflation has driven the replacement cost of capital, in its physical sense, to substantially above the capital consumption allowances chargeable against historical cost.",['savings'],['cost-push'],['cost-push'],['savings'],"('model', 'human')"
"""Congress' action was part of a general response to inflation....",['govt'],[],['govt'],[],"('human', 'model')"
DRUM CORPS NOTES Inflation woes hit contest sponsor groups By Herb Cole Contest sponsors will have to bear an even greater brunt of inflation.,[],['cost-push'],['cost-push'],[],"('model', 'human')"
"COMMENTS: ""Inflation already whipped me and wiped me out""...",['social'],[],[],['social'],"('model', 'human')"
One of our best hedges against inflation is vacant land.,['savings'],[],['savings'],[],"('human', 'model')"
"When you've done the best you can with this ""thought transference,"" transference,""set about demonstrating the qualities you, as a lender, have emphasized emphasized as significant. phase of business downturn and steep Inflation, will seek some ""insurance""""insurance""to protect his money In the event your enterprise falters and possibly goes under.",['redistribution'],['uncertain'],['uncertain'],['redistribution'],"('model', 'human')"
"He blames the slide of the dollar in recent months more on ""a lack of confidence in the United States, especially concerning the energy policy, trade deficit and inflation.",['purchase'],[],['purchase'],[],"('human', 'model')"
"Keesler said ""None of its knows how I warm the cold war will get,,but we do know that in the past 10 years of that war, both economic and social problems here have increased and inflation has been speeded up.",['supply'],['social'],['social'],['supply'],"('model', 'human')"
"Newspaper articles over the years have pointed up various problems in providing public housing here-locations, inflation, waiting lists and grow- ing tenant dissatisfaction-all grimly familiar to housing authorities in most big urban areas.",['cost'],[],[],['cost'],"('model', 'human')"
He certainly played a leading leading part in causing the administration to concentrate too long and too hard on inflation inflation while the avalanche of recession was making up.,['govt'],['demand'],['govt'],['demand'],"('human', 'model')"
"""You no longer can count on being rescued from investment mistakes by, general price inflation.""",['savings'],[],['savings'],[],"('human', 'model')"
"In an address before the Business Council, Ford said he is ""deeply concerned"" about ""three domestic devils inflation, recession and energy.""",['social'],[],['social'],[],"('human', 'model')"
"""To cushion workers against the effects effects of inflation, unions are expected to demand not only 'normal' wage increases, increases, but also catch-up wage boosts and escalator clauses in their contracts;"" contracts;""the board said in a summary of the Forum survey findings used for the 1976 forecast.",['cost'],['wage'],['cost'],['wage'],"('human', 'model')"
"On top of that are rising costs for a variety of things, ranging from pay increases to state workers under existing collective bargaining agreements to the prospect of higher fuel bills for heating state buildings, not to mention inflation in general and an uncertain national economy.",['cost'],['wage'],['cost'],['wage'],"('human', 'model')"
"But the lower rate could lead to new inflation as the prices of imported food, fuel and raw materials materials rise.. r Britain's new prime minister will face a dismaying dismaying array of problems, of which Jthe economy is but one: a fierce ideological rift in the party he will lead; the ever-present threat of renewed industrial strife; a virtual civil war in Northern Ireland along with a resurgence of nationalism in Scotland and Wales; uncertainty..about Britain's role in the European Community.",['monetary'],['international'],['monetary'],['international'],"('human', 'model')"
Stanley W. Black said high inflation would jrobably forestall recovery until 1981.,['cost'],['other-effect'],['cost'],['other-effect'],"('human', 'model')"
"Gary Hart (D-Colo.) said adjusting individual in- come taxes for inflation ""would end the federal govern- ment s tax windfall.""",['cost'],[],[],['cost'],"('model', 'human')"
"""High rates of inflation affect more people than unem- ployment,"" he said.",['cost'],['social'],['cost'],['social'],"('human', 'model')"
"""It is time for the Congress to demonstrate its commitment to the battle against inflation.""",['govt'],[],['govt'],[],"('human', 'model')"
"At that time and contiruing beyond Mr. Kennedy's inauguration, the country tsnll begin to learn what courses of action he will take that have a bearing on Inflation, defense spending, Government welfare programs and foreign relations.""",['fiscal'],[],['fiscal'],[],"('human', 'model')"
"Too late, bank officials discovered that the German 100,000-mark note Holcomb had given them was completely worthless, printed during the peak of Germany's post-World War I inflation.",['purchase'],[],['purchase'],[],"('human', 'model')"
"Magazine's associate editor Richard Barnett said replica of 78-year-old car has four horsepower horsepower engine and 26-inch bicycle bicycle tires and gets 75 m.p.g. Parts sold for around $650 in 1960, so you can count on inflation inflation raising that quite a bit.",[],['purchase'],[],['purchase'],"('human', 'model')"
Fukuda Asks Moves to Save Dollar's Value By Hobart Rowen Washington Post Staff Writer Japanese Prime Minister Takeo Fukuda began a two-day summit session here yesterday morning by telling six Carter administration cabinet officers that they must succeed in controlling inflation and reducing energy consumption to protect the value of the dollar.,['purchase'],['other-cause'],['other-cause'],['purchase'],"('model', 'human')"
"As Step 2, Heller proposes a reduction in the personal income tax, but only for wage- earners whose pay increases do not exceed the Administration's anti-inflation guidelines.",['fiscal'],[],['fiscal'],[],"('human', 'model')"
"Other assets were difficult; and so they turned to gold, even at prices that now bear no relation to its useful value or to its value as a hedge against likely inflation.",['savings'],[],['savings'],[],"('human', 'model')"
The picketing and boycotting of chain supermarkets by housewives as a protest against inflation must be set down as one of the ironies of these confused times.,['social'],[],[],['social'],"('model', 'human')"
"THE INFLATION FIGHTER II 1 994-7700 NtrMmtst Suburtin Sil 5231 OPEN 2 to 4:00 ""l ACRE PLUS 5 rooms, 3 bedrooms.",['other-effect'],[],[],['other-effect'],"('model', 'human')"
PLUS FREIGHT INCLUDES FREIGHT J $6160.36 Annual Percentage Rate 9.67 Plus applicable taxes. w y y I i w 1 1 n i INFLATION FIGHTER SfiVE $400 TO $700 OVER CURRENT liITEREST RATES JU.0RE u I iy Li 02 PER MONTH Or AV V MONTHS PLUS FREIGHT INCLUDES FREIGHT Sale Price $3999 10 Down Payment $426 Balance to Finance $3841 Finance charge $806.36 Total note $4647.36 Deferred Payment v rice $5073.36 Annual Percentage Rate v.6 kius appiicaoie taxes. 5 BRAND NEW PT0 PONY This offer is good on all new cars and trucks in: stock.,['savings'],[],['savings'],[],"('human', 'model')"
"-A $5.1 million reduction in proposed construction and expan- sion projects, the result of which would be to ultimately cost the DWP more in the future because of inflation.",[],['cost'],[],['cost'],"('human', 'model')"
The public is quite right in demanding a reduction in both unemployment and inflation and in not allowing the would-be Presidents to duck the question.,['social'],[],[],['social'],"('model', 'human')"
"It tells you why silver has grown 147 in 12 months, it itemizes its vast uses, it offers some sound suggestions on beating inflation, and it lets you know why the projections projections for silver are higher than ever.",['savings'],[],['savings'],[],"('human', 'model')"
"The outgoing president, Franco Modigliani of the Massachusetts Institute of Technology, charged that the recent steep recession was a result of the Federal Reserve Board's refusal to let the money supply expand to accommodate the sudden and ""unavoidable"" inflation resulting from the energy and food crises.",['rates'],['supply'],['supply'],['rates'],"('model', 'human')"
"It said 48% of 1,111 re- voters surveyed by tele- phone cited inflation as their chief worry while 21% cited energy prob- lems.",['social'],[],['social'],[],"('human', 'model')"
"He said national security was threat--. ened by inflation resulting from oil import costs as well as ""by the unchecked and wasteful nuclear arms race.""",['supply'],['international'],['supply'],['international'],"('human', 'model')"
"Administration economists forecast only a controlled and welcome slowdown, while most private ones foresaw worse-continued inflation and rising unemployment.",[],['uncertain'],['uncertain'],[],"('model', 'human')"
"YOU'LL FIND THE CONVENIENCE Of disposals, dishwashen extra Irg bedrooms & 1 ', baths. 1 & 2 Bedrooms from $160-$190 FAMILIES WELCOME 1328 E. Lake St. THONE PES. MGR. 938-5575 HOPKINS FIGHT INFLATION All Rents Slashed Reduced to $135 & up.",['other-effect'],[],['other-effect'],[],"('human', 'model')"
Government economists said higher costs for buildings and houses forced them to increase the inflation figures for the second quarter.,[],['supply'],[],['supply'],"('human', 'model')"
"Since most toll roads receive neither state nor federal funds, they must finance soaring maintenance costs and expansion programs out of their own annual revenues or by issuing bonds in a bond market demoralized by inflation.",['savings'],['cost-push'],['cost-push'],['savings'],"('model', 'human')"
"Since stock prices went up and peo- ple thought there was inflation, they may have made an erro- n e o u s connection, Sprinkel says.",['savings'],[],['savings'],[],"('human', 'model')"
The risks of prolonging the recession are not as horrible as the risks of another bout of accelerating inflation - followed by an even worse recession.,['cost'],[],[],['cost'],"('model', 'human')"
"The interviewing interviewing was done October 19-23, before Mr. Carter announced his anti-Inflation anti-Inflation plan.",['fiscal'],[],['fiscal'],[],"('human', 'model')"
SILVER BULLION From Liberty Metals Financial protection against worsening worsening Inflation from a company with lofty Ideas about why you deserve an edge of our deleriorating economy.,['savings'],[],['savings'],[],"('human', 'model')"
"No Cause For Fear Recession and inflation have combined to take their toll on the Social Security system, as they have on almost everything else, with the result that in the next fiscal year expenditures will exceed income by about 3 billion dollars.",['cost'],['social'],['cost'],['social'],"('human', 'model')"
"The British specialty car maker. headed by American Kjell Qvale, said it decided on the move because of la- bor problems and rampant inflation.",[],['wage'],[],['wage'],"('human', 'model')"
"To some analysts, the wheel-spinning Carter did in his first two years in office only made inflation more difficult to deal with.",['fiscal'],[],['fiscal'],[],"('human', 'model')"
"""But what really happened was that the economy, foreign poli- cy, inflation, unemployment and Iran-those were the things people were voting on.",['social'],[],['social'],[],"('human', 'model')"
"Opposition parties have prepared for the elections by forming an informal coalition to concentrate on strong common candidates, and they are geared to emphasize the bread-andbutter issues of inflation.",['social'],[],['social'],[],"('human', 'model')"
"It is not a problem inherent in black culture, but affects blacks more because they are more often the victims of inflation, inadequate educational opportunities, unemployment and under-employment.",['redistribution'],[],[],['redistribution'],"('model', 'human')"
"Frightened by of relentless inflation and the Federal Reserve's credit-tightening move last Friday, the bond market plunged.",['monetary'],[],['monetary'],[],"('human', 'model')"
State officials said the increases were needed because of inflation.,['govt'],['cost'],['cost'],['govt'],"('model', 'human')"
"Secretary of the Treasington visit and, according to ury William E. Simon, highly placed German aide, ing to reports reaching here said that he had the impres- from Washington, may resign sion that President Ford would if there is a major switch in announce ""a whole series of on fighting inflation. measures to stimulate the Unit- A communique, issued as the ed States economy"" in his State Common Market summit the Union message next ing ended, said that Europeans month. had agreed to coordinate.",['govt'],[],[],['govt'],"('model', 'human')"
The miners foave been bought off with a pay increase of more than 20 nearly three times the figure laid down in the government's anti-inflation strategy.,['fiscal'],[],[],['fiscal'],"('model', 'human')"
She complained that taxes for education education will continue to increase even if the referendum fails because state aid programs increase automatically by about 6 percent to keep up with inflation.,[],['govt'],['govt'],[],"('model', 'human')"
"The basic aim of the legisla- tion, which Mr. Romney said was ""noncontroversial"" and had bipartisan support, is to shore up the sagging housing industry, hit hard by inflation.",['cost'],['cost-push'],['cost-push'],['cost'],"('model', 'human')"
More Company officials say that these increases are necessary because of continuing inflation and higher employe wages.,['cost-push'],['supply'],['supply'],['cost-push'],"('model', 'human')"
"Analysts have again begun to question whether the market system is performing well in the United States-whether big, business has too much power to administer price increases when demand is weak, sales are down,and the nation is trying to escape from the grip of inflation.",['other-cause'],['demand'],['other-cause'],['demand'],"('human', 'model')"
"As MADEIRA FIGHT INFLATION Actume a 514 annual oercentaqe rate, loan, on this beautifully landscaped lot with central air, new furnace, 2 bed rooms, raised hearth fireplace in living room; must see. 7V3-6V3U.",['other-effect'],[],['other-effect'],[],"('human', 'model')"
"The inflation package also drew support from Federal Reserve Chairman G. William Miller, who described it as a ""balanced, concerted and sustained program to fight inflation"" in a speech Wednesday night.",['fiscal'],[],[],['fiscal'],"('model', 'human')"
"After delays caused by a taxpayers suit, la- bor strikes, and Inflation, the cost ex- ceeded expectations-with the result that the legislature added an extra one- half cent to the sales taxes in the coun- ties for additional financing.",['govt'],['cost'],['cost'],['govt'],"('model', 'human')"
"In the meeting, Kemp said he heard ""a number of Democrats as well as Republicans' very much frustrated by a desire to fight inflation by slowing down the economy.",['social'],['demand'],['demand'],['social'],"('model', 'human')"
"Government, labor and management, is designed to bring Britain's crippling inflation rate of 25 per cent down to a more manageable and competitive 10 per cent.",['govt'],['fiscal'],['govt'],['fiscal'],"('human', 'model')"
"The effect of the Administration's efforts to slow inflation may 'squeeze corporate profits by as much as 15 to 205%,' he said, but added that 'Litton is much more optimistic about its own future than many other companies are.' 'Sometime next year, the nation will begin a prolonged, unprecedent- ed period of growth, and we at Litton expect our company to grow at a much faster pace than the rest of the economy.*",['fiscal'],['cost-push'],['fiscal'],['cost-push'],"('human', 'model')"
"The construction industry has been beset in recent years by inflation, managerial and technological technological inefficiencies and problems of labor supply and utilization.",['cost-push'],[],['cost-push'],[],"('human', 'model')"
"In a separate report, the Labor Department said wages again failed to keep pace with inflation.",[],['wage'],[],['wage'],"('human', 'model')"
"Sussel's new ""Inflation Guard"" plan fights the effects of inflation four ways: 1.",['govt'],[],['govt'],[],"('human', 'model')"
Any settlement settlement we arrive at In these negotiations must not cause renewed inflation.',[],['wage'],[],['wage'],"('human', 'model')"
"Bosworth, in a telephone interview, said a major weakness in the anti. inflation effort was the agency s - to get tough with unions and companies violating the guideposts.",['fiscal'],[],[],['fiscal'],"('model', 'human')"
"As a result of this auction, Ziinmermam is qualified to make appraisals lhat are factual and realistic, weighing loss of value due to obsolescence against increase in replacement costs of ma due.o inflation.",['cost-push'],[],['cost-push'],[],"('human', 'model')"
"OKLAHOMA CITYRalph McGill, publisher of t h e Atlanta Constitution, voicing fears about what Richard M. Nixon m i g h t do as president to combat inflation: ""There is very real concern that in the effort to end inflation he will permit a little more unemployment.",['govt'],['cost-push'],['govt'],['cost-push'],"('human', 'model')"
What kind of prosperity is ours with an approximately 300 billion dollar debt hanging over destroying inflation doing its subtle but deadly work?,['fiscal'],['other-effect'],['fiscal'],['other-effect'],"('human', 'model')"
"Kenneth R. Harney is executive editor of the Housing and Development Reporter, published by BNA, Inc., and author of Beating Inflation With Real Estate, published by Random House.",['savings'],[],[],['savings'],"('model', 'human')"
"""'In 2M> years Fraser has brought Australian inflation down from an annual rate of 17 percent to just over 9 percent.",['fiscal'],[],['fiscal'],[],"('human', 'model')"
"T - V iuJAJ ""Samuelson may be a Nobal prlze-wlnnlng prlze-wlnnlng economist, but so Is F.A. Von Hayek, and he expects much worse Inflation than I'm predicting.""",[],['expect'],[],['expect'],"('human', 'model')"
"As the market fell, it car ried with it a notion that had been preached in preceding years... that the market was a hedge against inflation.",['savings'],[],[],['savings'],"('model', 'human')"
What bothers these critics is that the uncertainty connected with floating rates raises the cost of doing business abroad; they also charge that floating rates make it more difficult to contain word inflation.,['other-cause'],['uncertain'],['uncertain'],['other-cause'],"('model', 'human')"
"He said inflation was every American's problem and that the nation's economic, military and spiritual strength depended on solving it.",['social'],[],['social'],[],"('human', 'model')"
"Our prices were GOOD before, but now they're GREATIt 7879 University NE. 786-7282 2 BEDROOM AVAIL. 5950 E. RIVER RO., FRIDLEY Jan. 1 occup., located lusl north or era, quiet, on outline, no pelt. $275 571-4799 FIGHT INFLATION-own reth-er reth-er than rent.",['savings'],[],[],['savings'],"('model', 'human')"
The public often senses a quickening of the inflation rate faster than those feeding the computers.,['cost'],[],['cost'],[],"('human', 'model')"
"We are the world s largest exporter and importer, and instability in the United States-whether it involves inflation or recession-has unsettling effects on the world economy.",['trade'],[],[],['trade'],"('model', 'human')"
The unions had asked for an increase be- cause the rate of inflation was 2% during the July-September quarter.,['wage'],[],[],['wage'],"('model', 'human')"
"Building the ark Stabilizing Construction Costs From The New York Times The construction industry collective bargaining bill proposed by Secretary of Labor Dunlop, with strong labor-management backing, represents a sophisticated substitute for anti-inflation controls, a no-no in the Ford Administration.",['govt'],[],[],['govt'],"('model', 'human')"
"Some observers believe that if the Administration Administration can point to progress in its fight against inflation, continued economic controls controls will prove acceptable at the polls next year. but the T e a m s t e r s Union, which announced announced this week that it supported Mr. Nixon's economic policy changes.",['social'],[],['social'],[],"('human', 'model')"
A few months back he had a meeting with the executive council of the AFL-CIO to discuss labors role in his program of fighting inflation through voluntary restraint.,['wage'],[],['wage'],[],"('human', 'model')"
"Travelers can find bargains Inflation has spread gloom over the nation's economy, but budget-minded air travelers can and are finding bargains to work in a vacation to California, the Rockies, the Pacific Northwest and other popular summer vacation meccas.",['cost'],[],[],['cost'],"('model', 'human')"
"Cost of Living Rise at 15-Month High BY LOUIS [Chicago Tribune Press Service] WASHINGTON, July 23-Dr. Arthur F. Burns, chairman of the Federal Reserve Board, to- day endorsed President Nixon's decision to step up the fight against inflation, rather than stimulate the national economy to cut unemployment.",[],['cost'],[],['cost'],"('human', 'model')"
"As the stock market became increasingly concerned with a renewal of double-digit inflation, prices on the New York Stock Exchange dropped yesterday quite sharply though trading remained light.",['uncertain'],[],[],['uncertain'],"('model', 'human')"
"In fact, with good planning, the small business owner can even benefit from inflation.",['cost-push'],[],['cost-push'],[],"('human', 'model')"
",' Part of the reason for soaring food prices, of course, has been agriculture's share of inflation. inflation.",['supply'],[],[],['supply'],"('model', 'human')"
"Wall Street analysts generally share the Administration's view that inflation will moderate in the second half of Toward Dirtier Air Besides weakening unnecessarily the automobile automobile emission requirements, the House has weakened the Environmental Protection Agency's Agency's rules to prevent significant deterioration of the quality of the air in unpolluted areas.",[],['other-cause'],['other-cause'],[],"('model', 'human')"
"Inflation was running at 200 percent a year as the price of basic necessities, usually only available on the black market, went out of sight.",['cost'],[],[],['cost'],"('model', 'human')"
MIND YOUR MONEY MIND YOUR MONEY Diamonds: A Facet -Finding Tour By PETER WEAVER Question: I've seen several magazine ads touting diam- onds as a hedge against inflation.,['savings'],[],['savings'],[],"('human', 'model')"
"This happened, as the chart shows. between 1965 and 196t, a time of economic expansion but also accelerating inflation.",[],['demand'],[],['demand'],"('human', 'model')"
"He had pointed out that In his area man""families had $.001 incomes incomes and homes that inflation had made worth $25,000.",['cost'],[],[],['cost'],"('model', 'human')"
Thus does the chancellor employ persuasion persuasion to fight inflation.,['other-cause'],[],['other-cause'],[],"('human', 'model')"
"The government, Britain's biggest employer, is offering offering 5 percent in line with its anti-inflation anti-inflation wage restraint policy.",['fiscal'],['wage'],['fiscal'],['wage'],"('human', 'model')"
"The accomplished more, hut, in the massive.s they ct, coating billions of dollars and conveying the false implication that only additional billions for achievement, they were in many ways more t Sponslble than the social scientists for the inflation of the); and public that is now.",['fiscal'],[],[],['fiscal'],"('model', 'human')"
Inflation-hardened workers tend to spend their incomes quickly after payday in order to buy as many of their needs as possible before prices go up again.,['cost'],['purchase'],['cost'],['purchase'],"('human', 'model')"
"Wassily Leontief, elfin, dapper and wise, made his yearly appearance on Capitol Hill the other day to offer a characteristically common-sense proposal for halting an inflation he fears could tear the country apart.",['social'],[],['social'],[],"('human', 'model')"
"""We continue to remain exceeding- ly skeptical about variable-rate mort- anop""he stuart Davis, chairman and chief executive of Great Western Savings & Loan Assn,, Beverly Hills, Calif., speaking for the U.S. League of Sav- ings Assns., denied that variable rates would exaggerate inflation.",['other-cause'],['monetary'],['monetary'],['other-cause'],"('model', 'human')"
What's News Business and Finance Spending cuts by the government appear more likely as a response to soaring inflation.,['cost-push'],['govt'],['govt'],['cost-push'],"('model', 'human')"
Welfare economics fights inflation by feeding it!,['fiscal'],[],['fiscal'],[],"('human', 'model')"
"Since we are likely to have a recession with diminishing but substantial inflation well into next year, Congress will surely demand both stimulation and controls; the President will hold off as long as he can and until Congress is irrevocably committed; he will then take that ""popular road,"" which, after six months will infuriate labor and antagonize the consumer.",['govt'],['demand'],['demand'],['govt'],"('model', 'human')"
"President Urges Nationwide Fight Against Inflation LOS ANGELES 111 a major national speech on the economy, President Nixon Thursday appealed to all citizens to exercise more restraint on their spending and vowed that the federal government would lead the way hy reducing the government s payroll eliminating 40,000 jobs during the current fiscal year.",['demand'],['fiscal'],['demand'],['fiscal'],"('human', 'model')"
"It will stage a series of inflation ""forums"" around the country and will also invite business and labor to consult with the White House often.",['govt'],[],[],['govt'],"('model', 'human')"
"Future of Long-Term Rates John D. Paulus, vice president and economist at Goldman, Sachs & Company, predicted that long-term rates would not fall more than about 1 1/2 percentage points because inflation should rise temporarily early in 1981 and because the Federal Reserve wants to keep interest rates high enough""to avoid a significant upsurge in economic activity in 1981.""",['rates'],['monetary'],['rates'],['monetary'],"('human', 'model')"
"The severe winter was held partly to blame for the higher food,prices; but. the sharpness of the increas2s v-caught the CaXter Admiriisfration off, guard:':, Demands that the:'President consider bolder anti- action were especially urgent because the.rise. in food prices was accompanied by increases in the: minimum wage' and Social; Security taxes;.' could cause more inflation later.::because they add directly to cost pressures.",['fiscal'],['supply'],['supply'],['fiscal'],"('model', 'human')"
"But high Interest rates and inflation will proDamy iorce the hike, he added.",[],['rates'],[],['rates'],"('human', 'model')"
"The triple crises of food shortages, inflation and oil prices threaten to engulf the traditional structure of international relations.",['trade'],[],[],['trade'],"('model', 'human')"
"As the nations gain strength again,""inflation remains worrisome,"" said the department.",['demand'],[],['demand'],[],"('human', 'model')"
"As for silver as a hedge against inflation, it ranks well down on the list of traditional hedges.",['savings'],[],['savings'],[],"('human', 'model')"
He is re- at being blamed for inflation and at hearing a secretary of agriculture ex- press pleasure that farm prices are de-.,['social'],[],[],['social'],"('model', 'human')"
"It was both natural and necessary that Mr. Heath ran his campaign on issues Britain's inflation, its still-parlous economic economic condition (a fact brought home most timely by balance-of-payment figures figures published just before election day and showing a $74-million deficit in trade for May), and the inability of Mr. Wilson generally to establish national policies and stick to them against the dogmatic socialists and the selfish union leaders in his party.",['international'],[],['international'],[],"('human', 'model')"
"Despite the legal risks, a steady stream of Americans - looking to escape the pinching recession and inflation of the United States - continues to flow into Baja California.",['other-effect'],[],['other-effect'],[],"('human', 'model')"
"Workers are to get what has been called 100 percent protection against inflation, and market analysts say that assurance will only make it more difficult for the country to curb inflationary expectations, The Federal Open Market Committee, the 12-person group that meets 10 times a year to set monetary policy, will gather tomorrow In Washington, and the auto industry settlement will make the deliberations difficult.",['cost-push'],['expect'],['expect'],['cost-push'],"('model', 'human')"
"The credit, to be in West Ger man Marks, French francs and Austrian schillings, is to help Peru meet its interna tional payments while attempting to bring Inflation under control.",['fiscal'],[],['fiscal'],[],"('human', 'model')"
Page 26 Inflation ruins a black family s dream.,['cost'],[],[],['cost'],"('model', 'human')"
Variable annuities are designed to protect against inflation eating up fixed annuity values.,['redistribution'],['purchase'],['purchase'],['redistribution'],"('model', 'human')"
"Earlier, Blough told about1200 shareowners, it is vital tocheck inflation ""if the American steel industry is to remain competitive in world markets.""",['cost-push'],[],['cost-push'],[],"('human', 'model')"
"254.65371 lfyr""i'iT FOR CHURCHES, HOMES, SCHOOLS By WAYNE WIUTT I Inflation and the slumping economy have caused more people to be delinquent with their property tax payments this year than in any previous year for some time, Metro Trustee Glenn Ferguson said yesterday.",['cost'],['other-effect'],['cost'],['other-effect'],"('human', 'model')"
"'They have and will cause Inflation to accelerate in the state and the Chicago area, destroy jobs that otherwise would be available, lower family income, and increase taxes,""he said.",['cost'],['other-cause'],['other-cause'],['cost'],"('model', 'human')"
"Yet p o sports dash on in the teeth of a fuel crisis, inflation, swollen salaries and oversaturation.",[],['supply'],[],['supply'],"('human', 'model')"
"But such perceptions do not dawn on those whose polemical purpose is to exploit a scare number in order to scapegoat ""over-regulation"" for inflation, unemployment, and the decline of the dollar, innovation, productivity and the Chrysler Corporation.",['other-cause'],[],[],['other-cause'],"('model', 'human')"
"Earlier the market declined unevenly, still shackled by concern over inflation and rising interest rates.",['uncertain'],[],['uncertain'],[],"('human', 'model')"
"NEED EXTRA MONEY? tf you are employed but need extra income to keep up with inflation, this could be the answer An opportunity to earn SI00-S200 ft, even J 300 per wk working in your spare time a tew nights a week.",['cost'],[],[],['cost'],"('model', 'human')"
"To grasp inflation s immediate impact, visit Yeruham, a dreary, isolated town in the northern Negev Desert.",['social'],[],['social'],[],"('human', 'model')"
"They are superb guidelines and because of the recent pace of inflation, you can assume that '71 averages will be higher.",[],['other-effect'],['other-effect'],[],"('model', 'human')"
The sharp one-month rise in the Consumer Consumer Price Index was more disappointing disappointing news for the Carter administration's anti-inflation program.,['govt'],[],['govt'],[],"('human', 'model')"
"Car pooling, using public transportation and eliminat- ing unnecessary use of private automobiles is a good way to cut inflation.",['other-cause'],['demand'],['demand'],['other-cause'],"('model', 'human')"
"Now when rampant inflation is just about to put us all in tne poor- house some brilliant. economists come up with the ""brand new"" idea that there may be too much govern-. ment regulation.",['cost'],['fiscal'],['cost'],['fiscal'],"('human', 'model')"
Carter finally became convinced that inflation was the No. 1 problem.,['social'],[],['social'],[],"('human', 'model')"
"Like 94 of the 100 biggest earners on a list published by the National Tax Bureau, Han is in the real-estate business, a tribute to the enormous inflation in the land prices in this crowded island country.",[],['demand'],['demand'],[],"('model', 'human')"
"Saying inflation is still a major problem, Rederal Reserve Chairman Arthur F. Burns recommended Thursday against any permanent tax cut and indicated his agency would not quickly ease credit to help the economy.",['rates'],['fiscal'],['fiscal'],['rates'],"('model', 'human')"
"(R-Shelbyville). who serves on the House Education Committee, said the supplemental supplemental appropriations were intended to help teachers ""catch up"" with inflation by providing enough for a minimum 8; percent to 10 percent salary hike this year.",['govt'],['wage'],['wage'],['govt'],"('model', 'human')"
"If interest rates continue continue to drop and if inflation continues, money will be more available.""",['savings'],['rates'],['savings'],['rates'],"('human', 'model')"
"Call tor appt, MIDLAND GUARDIAN 4050 Executive Park Dr JoeHeis 563-4090 3817 Harrison Ave. MANAGEMENT TRAINEES Due to America's inflation problem our national purchasing agency is expanding expanding rapidly.",['govt'],['purchase'],['purchase'],['govt'],"('model', 'human')"
"He outlined a course of ""steady as you go"" monetary policy m which pressures were being resisted from those who wanted the Fed to ease up because of reduced money-supply Growth and from those who wanted further accelerating inflation. wlVe re nut erratic people,""he said in an interview.",['rates'],[],[],['rates'],"('model', 'human')"
"Santa's Helpers only fund-raising fund-raising project, was JKI.lHHI, Kalhiesaid. and profits have increased each year Hut she pointed out that like everv-thing everv-thing else in these inflation ary tunes, toy prices are.riny (Vnter on Slockell dren come to the store to get i'P Street lor the Toy Shop.",['cost'],[],[],['cost'],"('model', 'human')"
"According to United States Trust Co. Vice President Thomas Synott,""loan rates that affect the average consumer are a function of the outlook for Inflation which Isn't good.",['savings'],['rates'],['rates'],['savings'],"('model', 'human')"
"Price stability, he adds, Is certainly certainly a superior objective over a no-holds-barred Inflationary rampage rampage that pushes employment to unsustalnably high levels and requires requires more and more Inflation to sustain it.",[],['wage'],[],['wage'],"('human', 'model')"
One is that he expects some inflation-indtrt;ed buying to persist.,[],['expect'],[],['expect'],"('human', 'model')"
"These ""rising risks,"" he added, put increased downward downward pressure on the economy economy and increase the danger I oi a cumulative, accelerat- lng decline in real Income. 1 In other words, uncertainty and lack of confidence be cause of Inflation leads to recessionary pressures which produce more uncertainty uncertainty and lack of confidence.",['uncertain'],[],[],['uncertain'],"('model', 'human')"
American businessmen are wondering which to fear most: inflation or the tight-money medicine the Fed keeps administering in an attempt to cure it.,['uncertain'],['rates'],['uncertain'],['rates'],"('human', 'model')"
"Declaring that controlling inflation remains the nation s' mose serious economic problem,""the New York banker said the fiscal and monetary efforts that have been taken to restrain living cost increases are 'beginning to bite but haven't been fully successful yet.""",['monetary'],['fiscal'],['fiscal'],['monetary'],"('model', 'human')"
"Business Briefs Corporate Profit Rose 26% in Quarter Reflecting the booming economy, the effects of inflation, inventory revaluation and dollar devaluation, firstquarter profits of 1,545 United States corporations rose 26 per cent to $11-billion from $8.79-billion in the first three months of last year.",['trade'],['redistribution'],['trade'],['redistribution'],"('human', 'model')"
Mr. Ford did not give details of his plan to fight inflation. inflation.,['govt'],[],['govt'],[],"('human', 'model')"
"More important, Mr. Nixon must do something tangible and useful about inflation beyond hoping that inflation will also get worse elsewhere.",['govt'],[],[],['govt'],"('model', 'human')"
TULSA presenting presenting a seminar 'How to Beat Inflation ki the Krs' July 24-25-26th.,['other-effect'],[],['other-effect'],[],"('human', 'model')"
Others have suggested an excess profits tax to put of the burden of fighting inflation on big business.,['cost-push'],[],[],['cost-push'],"('model', 'human')"
These concerns--inflation and dependence on imported oil--cannot be postponed.,['social'],[],[],['social'],"('model', 'human')"
They would not demand a paid-in-advance inflation premium in the interest rate on bonds.,['savings'],[],[],['savings'],"('model', 'human')"
"It was the president's first reference reference to the possibility of further tax cuts to check the drag effects on the economy from legislated tax increases in Social Security and energy and the effects of inflation, inflation, which pushes income into ever higher tax brackets.",['govt'],['redistribution'],['redistribution'],['govt'],"('model', 'human')"
"Nevertheless, Levitt contended, by taking positive steps to cut government spending and by using direct credit restraints-in lieu of even higher interest rates than are already in prospect-to curb spending by consumers and business, Carter has laid some of the ground- work for an easing of inflation.",['demand'],['fiscal'],['fiscal'],['demand'],"('model', 'human')"
"Add a dollop of whipped cream and a HI $mm mm Ml MS ClEBi r GREEN MAGIC ALL- PURPOSE HOUSEHOLD CLEANER IS A POSITIVE WAY TO FIGHT INFLATION With safe, gentle, effective Green Magic, you can replace liquid cleaners, oven cleaners, cleansers, tile cleaners, metal cleaners, steel wool soap pads and more.",['other-effect'],[],['other-effect'],[],"('human', 'model')"
"If Mr. Carter seems to have a handle on Inflation, unemployment, unemployment, and the gas pumps, and if conditions of relative peace are still In effect, he will be a tough guy to beat.",['fiscal'],[],['fiscal'],[],"('human', 'model')"
"Talking about life insurance companies, he said theirs is ""a dreary story since new sales died as inflation went up... and that will hurt their cash flow drastically in future years.""",['cost-push'],['other-effect'],['other-effect'],['cost-push'],"('model', 'human')"
"Consequently, increases increases in valuation due to inflation do indeed raise the number of actual dollars dollars in property taxes owed.",['cost'],['govt'],['govt'],['cost'],"('model', 'human')"
"Last year the same people wanted Spiro Agnew..- 4 That new price-wage office in Washington, set up for Nixon's anti-inflation program, program, is getting new carpet on the floors and pictures on the wall, which sure sounds like it expects to be there for a while, not just until Nov. 12.",['govt'],['expect'],['govt'],['expect'],"('human', 'model')"
"The problem of liquidating big inventories is still ahead. the 14.4 per cent increase in the inflation rate in the fourth quarter of 1974 was higher than expected, there are definite signs of price increases slowing.",['cost-push'],['other-effect'],['other-effect'],['cost-push'],"('model', 'human')"
The Dow drops 4.86 NEW YORK - (AP) Slumping blue-chip Issues dragged the rest of the stock market down Thursday amid worries about increasing inflation inflation and the possibility of further interest rate rises.,['uncertain'],[],[],['uncertain'],"('model', 'human')"
"Three ago, I a anu- inflation program that couples responsible government restraint with responsible wage and price restraint It is based upon my knowledge that there is a more powerful force than government compul- sion-the force created by the cooperative efforts of millions of Americans working toward a com- mon goal.",[],['fiscal'],[],['fiscal'],"('human', 'model')"
"In Charles de Gaulle's famous phrase, gold has ""eternally and universally been regarded as the unalterable currency par excellence""--when wars loom or inflation seems out of control.",['savings'],[],['savings'],[],"('human', 'model')"
But he acknowledged that the Administration-projected rate of 6.5% to 7% inflation this year still made it the na- tion s worst domestic problem.,['social'],[],['social'],[],"('human', 'model')"
"REPUBLICAN NATIONAL Chairman Bill Brock said the ""American people face the prospect of a possible reces- sion"" if the inflation rate so high.",['purchase'],['other-effect'],['other-effect'],['purchase'],"('model', 'human')"
"Letters To the Editor of The Times Letters To the Editor of The Times New Direction To the Editor: Hunger, poverty, inadequate housing, backward education, chronic unemployment and outmoded job training, crime, violence, civil disorder, unsatisfactory medical care, antiquated public transportation, insufficient consumer protection, tax squeeze for ""defense,"" inflation, gold loss and attacks on the dollar--our problems here today have grown more ominous than the Johnson-Humphrey Administration's problems in Southeast Asia.",['social'],[],['social'],[],"('human', 'model')"
"In the face of inflation, he may have fewer people next fiscal year.",['cost-push'],[],['cost-push'],[],"('human', 'model')"
"Although inflation, which brought higher prices for tickets, played a partial, but by no means solo, role in the rise of revenues, the attendance figures indicate a steady growth in theatergoing.",[],['cost'],[],['cost'],"('human', 'model')"
"In the recent revival of academic and political discussion of U.S. exchange-rate policy, we have been critical of the floating experience, which, accidentally or not, happens to coincide with the worst global inflation and recession in decades.",['international'],[],['international'],[],"('human', 'model')"
"They burble enthusiastically about housing stability, a good investment, a hedge against inflation and future resale possibilities for their apartments.",['savings'],[],[],['savings'],"('model', 'human')"
Inflation Is probably the main reason for the dearth of bodies In many cocktail lounges and nightspots.,['cost'],['purchase'],['purchase'],['cost'],"('model', 'human')"
WARSON ROAD INDUSTRIAL PARK ADJACENT TO CITY PARK IN OLIVETTE ONLY 6 LOTS REMAIN ONE AND TWO ACRE TRACTS FIGHT INFLATION... 3-YEAR FINANCING AVAILABLE ON LOT PURCHASE BUY NOW BUILD LATER OR WE WILL BUILD FOR YOU NOW.,['savings'],[],[],['savings'],"('model', 'human')"
"But $25 billion probably -would not be enough to com-, j, pletely offset an anticipated inflation rate of about 8, the normal annual increase FORD HAS ASKED Con- jn population and new ad-gress ad-gress to agree to a $395 bil- ministration spending pro-lion pro-lion spending ceiling for fi- posais for energy and the seal 1977, which means Middle East peace. of what would happen if no spending ceilings are imposed, imposed, lists Social Security and railroad retirement benefits as potentially increasing increasing the most, by $12 billion.",['govt'],[],['govt'],[],"('human', 'model')"
"Inflation worries many of the pessimists, and bothers everyone else, especially anyone who s been out shopping for Christmas presents and remembers what last year s prices were like.",['cost'],[],['cost'],[],"('human', 'model')"
"Joseph A. Pechman and Arthur Okun, both of the Brookings Institution, a privately financed research research group, said the Ford proposals would do little to arrest the spinning spinning inflation rate but will aggravate recession and increase unemployment.",['govt'],[],[],['govt'],"('model', 'human')"
"Inflation has increased prices, he said, and the original $6 million building would cost over $9 million today.",[],['cost'],['cost'],[],"('model', 'human')"
"Restricting credit card use between consenting adults wlll not restrain inflation, just as limiting the number of yardsticks will not affect the length of a yard.",['demand'],['monetary'],['monetary'],['demand'],"('model', 'human')"
"He argued in something of a circle. however, in demanding lower interest rates and simultaneously a fight against the cruelties of inflation.",['cost'],[],[],['cost'],"('model', 'human')"
"Inflation, too, hits government, just as it hits household or business costs.",['cost'],['govt'],['govt'],['cost'],"('model', 'human')"
"They cover the period of his pardon of Richard Nixon, the withdrawn withdrawn nominations of Peter Flanigan and Andrew Gibson, Gibson, the political campaigning campaigning of a President who might better have stayed in Washington to mind the shop, and the anti-inflation conference in September in which he pinpointed inflation as the nation's No. 1 enemy and enunciated a timid, conservative policy to combat it.",['social'],[],['social'],[],"('human', 'model')"
"Sound off In these times of inflation, about the only treat my husband and I can afford is an occasional sandwich out on weekends.",['cost'],['purchase'],['purchase'],['cost'],"('model', 'human')"
The system is threatened because of high inflation inflation and unemployment and a 1972 congressional mistake in twice compensating future retirees for inflation.,['govt'],['social'],['social'],['govt'],"('model', 'human')"
"WASHINGTON Albert Rees, director ofthe Council on Wage-Price Stability, said he still expects inflation this year to moderate from 1974's clip.",[],['expect'],[],['expect'],"('human', 'model')"
"Mr Carter cited a decline in inflation and unemployment last year and declared,""we reached our major economic goals for 1977 "" BUT HE SAID more must be done because ""our trade deficit is too large, inflation is still too high, and too many Americans still do not have a job "" Before addressing Congress.",['trade'],[],[],['trade'],"('model', 'human')"
"Despite Veblen's irony, we must agree with the authors that monetary and fiscal policy should not be based upon an attempt to fool the people, and that if they expect.inflation they wlll discount that factor in present wage-price policies and demands, thereby inducing a continuous wage-price spiral.",['wage'],['expect'],['expect'],['wage'],"('model', 'human')"
Jenal doesn't believe buyers must live with continual inflation.,['cost'],[],[],['cost'],"('model', 'human')"
"These sentiments, together with the well-founded suspicion that inflation often goes hand-in-hand with outsize budget deficits, lend support to the President's position of moderation in the pursuit of expansion.""",['govt'],['fiscal'],['govt'],['fiscal'],"('human', 'model')"
The principles would require that any national health plan reduce health costs and help fight inflation generally.,[],['cost'],['cost'],[],"('model', 'human')"
The labor federation assailed President Carter's anti-inflation policies when they were unveiled last October charging that workers' would carry the burden of sacri- fice.,['cost'],[],['cost'],[],"('human', 'model')"
"Officials put; base inflation at 10 percent t New York Times News Service WASHINGTON The White; House's wage and price monitors re- ported yesterday that the economy's,""basic rate of inflation appears to have risen to 10 percent a year, or a little' less, and is unlikely to come down'; rapidly. t The ""inflation update""by the Coun- cil on Wage and Price Stability was the highest official estimate so far of the underlying rate of inflation stripped of the 1979-80 surges of energy energy prices and home-loan interest; costs, which have been abating.",[],['supply'],[],['supply'],"('human', 'model')"
"""Demands that anticipate anticipate inflation only help to make It inevitable.""",['demand'],['expect'],['demand'],['expect'],"('human', 'model')"
"Prices Increase Sharply; Best Year Since '67 BY LOUIS DOMBROWSKI--T'Ibil- P-~v -1-ie%VAbHINGTON, J a n. 21- Consumer prices, released from the restraint of the wage- price freeze, rose sharply last month but the year 1971 as a whole had the best inflation record since 1967, the Labor Department reported an increase in the December consumer price in- dex of 0.4 per cent from No- vember, the nation s cost of living last year rose 3A per cent.",['fiscal'],[],[],['fiscal'],"('model', 'human')"
CHARTER BANK of JENNINGS 130 Rlnr Rtidi Stoplug Center Call Mr. Gettemeier 389-5500 PROPERTY IS YOUR BEST PROTECTION AGAINST INFLATION!,['savings'],[],[],['savings'],"('model', 'human')"
"Ideal for retired couple to hedge against Inflation I Owner wants offerl JEFF WILLIAMS, 844-1117.",['savings'],[],['savings'],[],"('human', 'model')"
"The President acknowledges the seriousness of the economic downturn, but he continues to focus on inflation as an equal if not a greater danger.",['govt'],[],['govt'],[],"('human', 'model')"
"But would r rather see inflation curbed, the dollar defended and the price of oil held down.",[],['rates'],['rates'],[],"('model', 'human')"
The broker rate is the interest charged on loans used in se curities purchases and is an indicator of what may happen to other rates The persistence of inflation will make it difficult for the Federal Re serve to loosen credit as it might be expected to do in slowing economy In addition fiscal stimulus probably will be limited as well Parry said Security Pacific forecast peak in interest rates by year end with the prime bank lending rate topping out at roughly 13V% and the federal funds rate rising to about 1194%.,['fiscal'],['rates'],['rates'],['fiscal'],"('model', 'human')"
"He said the recommendation of 8.66g for full pay was ""inconsistent with my course of ac- tion to build a strong and stable economy and to bring inflation under control.",['wage'],[],['wage'],[],"('human', 'model')"
"Also reflecting current Ilfestyles and the ""economic climate,"" according to Mr. Levine, were a series of ""inflation "" rooms, ranging in price from $2,100 for a patio, and $2,500' for a bedroom, to $12,000 for a split level living/dining room.",['cost'],[],['cost'],[],"('human', 'model')"
"""The recession is in full swing,"" observed Nguyen Ngoc Linh, president of the Mekong Group of Companies and one of South Vietnam's most successful businessmen. if the rate of inflation keeps up-about 40 per cent a year - if the price of rice keeps climbing, if foreign investors continue to shy away, Mr. Linh said,""then everything will fall apart.""",['trade'],['demand'],['trade'],['demand'],"('human', 'model')"
Interest rates the cost or price of money almost always follow the inflation spiral upward.,['savings'],['rates'],['rates'],['savings'],"('model', 'human')"
"Return of Order Praised I I President Castelo Braneo the Goulart regime of having sought to ""destroy property"" through unbridled inflation coupled with rent controls and expropriations, of ""prohibiting students from studying through continual strikes"" and of having fomented a ""conspiracy for the sergeants to revolt against the democratic order.""",['social'],['other-cause'],['social'],['other-cause'],"('human', 'model')"
"Respite From Rises And C. Jackson, Grayson, chairman of the Price Commis'sion, has indicated that i,f meat prices rose too igh his would launch an inquiry into supermarket pricing. *s the consumer who has not switched to poultry.-a since the prices of other meats began to advance i --or to eggs 0r, cheese has been getting a respite from price advances which, kept pace with the Administration's efforts to curb inflation.",['fiscal'],[],[],['fiscal'],"('model', 'human')"
"Dairy lobbyists exact their 'price' By Bill Neikirk Cbkno Trbs Prm SwIca - Consumers:soon will be paying more for *such imported cheese as Swiss, edam, bIeu nd brie, barring an unexpected switch,in plans by the Ford The higher prices probably won t contribute much to the overall rate of inflation, but they will demonstrate to con- sumers that the dairy indus- try s ability to influence gov- ernment decisions Is not dead, said one official close to the situation.",[],['international'],['international'],[],"('model', 'human')"
"CHICKEN IS still economical in these inflation-wrought days, and because it is versatile it suits many needs.",['cost'],[],[],['cost'],"('model', 'human')"
"Primary among these causes were the unbalanced government budget, easy credit policies which encouraged spending b e y o n d earning power and the cost-push inflation inherent in wage rate increases in excess of productivity improvement.",['demand'],['fiscal'],['demand'],['fiscal'],"('human', 'model')"
Inflation and general economic uncertainty uncertainty are causing some confident people to insist on even bigger jumps.,['uncertain'],[],[],['uncertain'],"('model', 'human')"
In the matter of inflation Mr. Johnson has lost control.,['social'],[],[],['social'],"('model', 'human')"
"In a speech to the fifty-ninth annual meeting of the United States Chamber of Commerce, Mr. Nixon took issue with some private economists who had said that Administration policies policies had made little progress in curbing inflation.",['fiscal'],[],['fiscal'],[],"('human', 'model')"
Protect vour nest-egg against Inflation.,['savings'],[],[],['savings'],"('model', 'human')"
The spur to keep up with inflation has hiked sales.,['cost-push'],['purchase'],['purchase'],['cost-push'],"('model', 'human')"
"Although d,~tai!s of the guideline are l yet to be worked out, one official said, the Administration's economic advisers have' devised a prof it-margin test for commercial banks to bring them under the Administration's voluntary effort to fight inflation..4 special guideline for banks, officials hope, v: ill bolster public confidence in the President's voluntary.",['govt'],[],['govt'],[],"('human', 'model')"
"Although this marketing device grew in popularity af;ter World War II, the *ness forced on today s shoppers by inflation makes ""cents off"" more enticing 'than ever before.",['cost'],['purchase'],['cost'],['purchase'],"('human', 'model')"
"For DavisBacon, while little--known, is an engine of inflation that generates pressures on the most critical Kraft sector of the economic front -the construction industry.",['supply'],['wage'],['wage'],['supply'],"('model', 'human')"
"12G Sun., Juno l, lwto SI LOUIS POST-DISPATCH 1 V pag?Mi 1 senator soaper meviews By Jim Fleblg THE ONLY way Inflation Inflation will go down is if Carter comes up with a plan to increase it.",['fiscal'],['other-cause'],['fiscal'],['other-cause'],"('human', 'model')"
"Then, tax reduction would be an open invitation to inflation, to a re- newed price-wage spiral, and would threaten our hard-won balance of payments improve- ment.",['wage'],['fiscal'],['fiscal'],['wage'],"('model', 'human')"
Miller said that inflation and progressive progressive tax rates would add $8 billion to the taxpayer's burden next year while the scheduled Jan. 1 Social Security increase will add another $4 billion.,['cost'],[],[],['cost'],"('model', 'human')"
"This, too, would cause runaway inflation or force heavy increases in personal taxes.""",[],['fiscal'],[],['fiscal'],"('human', 'model')"
"Cnunril officials also disclosed disclosed that prim increases are pending on about 1160 different products as proposed proposed by major firms under the Phase IV anti inflation guidelines. 4 The council Tuesday approved approved Increases for soaps, detergents, a wide variety of paper products and auto tires, although the tire increase increase was only about half of what major rubber companies had asked.",['govt'],[],[],['govt'],"('model', 'human')"
Brokers also noted Wall Street's approval of the emphasis emphasis the Carter administration administration has placed on controlling inflation.,['fiscal'],[],['fiscal'],[],"('human', 'model')"
"Adamantly refusing to increase Kunguru retail prices as a means to ease economic hassles, Tyus feels that greeting cards aren't a luxury, even in these days of rising inflation.",['cost'],[],['cost'],[],"('human', 'model')"
"I fear that there are too many people who believe that the unemployed must be used as a buffer stock against inflation.""",['social'],['demand'],['demand'],['social'],"('model', 'human')"
